Date,AI.PA,AIR.PA,CS.PA,BNP.PA,BN.PA,EL.PA,RMS.PA,KER.PA,OR.PA,MC.PA,RI.PA,SAF.PA,SAN.PA,SU.PA,TTE.PA,DG.PA
2021-01-04,119.4726333618164,88.6194076538086,17.146141052246094,38.20265197753906,50.789730072021484,125.6741943359375,874.7078857421875,560.9978637695312,303.69012451171875,500.8716735839844,154.84327697753906,115.16835021972656,73.54212951660156,116.69117736816406,31.498882293701172,78.41097259521484
2021-01-05,118.20304107666016,88.56025695800781,17.13908576965332,38.122711181640625,50.97645568847656,124.3564453125,860.4656372070312,552.1100463867188,300.57232666015625,495.10107421875,151.62347412109375,115.4162368774414,73.5328140258789,115.58895874023438,32.32767868041992,77.08390045166016
2021-01-06,118.46571350097656,88.89544677734375,17.87122344970703,40.22780990600586,51.42460632324219,125.43016052246094,858.487548828125,555.6844482421875,300.8646240234375,491.28656005859375,149.4281463623047,115.31708526611328,73.08598327636719,118.79976654052734,33.74847412109375,80.04137420654297
2021-01-07,119.38507080078125,88.35322570800781,17.98148536682129,41.13380432128906,50.62167739868164,125.57657623291016,865.8064575195312,557.809814453125,299.69549560546875,504.0014953613281,151.91616821289062,114.8213119506836,72.3505630493164,121.24381256103516,34.117332458496094,80.17408752441406
2021-01-08,120.08552551269531,88.8264389038086,17.963844299316406,40.22336959838867,49.501312255859375,127.7728271484375,877.6749267578125,566.4078369140625,298.42889404296875,513.7822875976562,154.1114959716797,115.36666107177734,73.34663391113281,122.5377197265625,34.140106201171875,81.19783020019531
2021-01-11,119.25373840332031,88.5109634399414,17.862401962280273,39.952457427978516,49.18387985229492,126.25987243652344,878.4661865234375,563.31640625,297.2597351074219,510.94586181640625,152.9894561767578,115.51538848876953,73.76554870605469,121.5313491821289,33.620975494384766,78.18347930908203
2021-01-12,117.32746887207031,88.68842315673828,17.809476852416992,40.27222442626953,49.109188079833984,125.43016052246094,874.9055786132812,555.9743041992188,292.7779235839844,504.49053955078125,152.35525512695312,115.31708526611328,73.71900177001953,120.5728988647461,33.74391555786133,78.75222778320312
2021-01-13,118.46571350097656,87.85043334960938,17.699214935302734,39.992435455322266,50.117515563964844,125.57657623291016,877.6749267578125,551.4337768554688,293.7522277832031,500.8716735839844,154.16029357910156,113.53228759765625,73.57005310058594,120.9562759399414,34.094566345214844,79.64324951171875
2021-01-14,117.6339111328125,91.93191528320312,17.68157386779785,40.085693359375,49.4079475402832,123.47795104980469,887.1696166992188,550.2744140625,290.3421936035156,496.8616027832031,152.20889282226562,115.96157836914062,75.37602996826172,119.32691192626953,34.42699432373047,82.01302337646484
2021-01-15,115.92652893066406,91.24181365966797,17.56778335571289,39.46837615966797,50.06149673461914,121.08647918701172,871.3450927734375,542.7390747070312,290.7319030761719,483.11968994140625,151.76983642578125,113.7801742553711,75.8973388671875,119.18314361572266,33.78490447998047,80.30679321289062
2021-01-18,116.36433410644531,89.90103912353516,17.407241821289062,39.79702377319336,51.08849334716797,122.06259155273438,877.8726806640625,546.3135375976562,289.2704162597656,488.69464111328125,151.57470703125,112.73905181884766,75.99043273925781,117.64962768554688,33.68016815185547,80.24991607666016
2021-01-19,115.88275909423828,90.00948333740234,17.333145141601562,39.17970275878906,52.45159912109375,120.15917205810547,852.948974609375,531.6611328125,289.4653015136719,480.283203125,152.50161743164062,112.29285430908203,77.47989654541016,117.55377960205078,33.834999084472656,80.42053985595703
2021-01-20,114.70072937011719,91.10379028320312,17.3913631439209,39.45505142211914,51.611328125,121.52572631835938,858.6852416992188,540.2003173828125,286.05523681640625,496.56817626953125,150.4038543701172,113.92891693115234,76.66069030761719,118.08092498779297,34.012596130371094,79.2261734008789
2021-01-21,114.83206176757812,88.0969009399414,17.216711044311523,39.38399887084961,51.42460632324219,119.6711196899414,866.0042724609375,533.8929443359375,287.029541015625,496.4703674316406,149.91600036621094,111.00383758544922,75.79493713378906,119.94991302490234,33.22023391723633,77.27348327636719
2021-01-22,115.62008666992188,87.57439422607422,16.946788787841797,38.26926803588867,50.93911361694336,119.57350158691406,866.0042724609375,527.876708984375,288.6858215332031,500.28485107421875,149.37937927246094,109.61567687988281,75.8321762084961,120.14159393310547,32.987979888916016,76.2686996459961
2021-01-25,115.05095672607422,83.67037200927734,16.55690574645996,36.621604919433594,51.069820404052734,117.67009735107422,860.0699462890625,517.2026977539062,291.3164978027344,490.89532470703125,148.25730895996094,105.25286865234375,75.86941528320312,119.51860046386719,32.195613861083984,74.61934661865234
2021-01-26,118.15926361083984,84.08443450927734,16.63276481628418,37.296661376953125,51.70469284057617,117.8165054321289,860.4656372070312,529.5263671875,294.04449462890625,496.8616027832031,150.15992736816406,107.08722686767578,75.4691162109375,120.3812026977539,32.7693977355957,73.91789245605469
2021-01-27,119.51641082763672,83.1675796508789,16.47222328186035,35.99541091918945,51.53664016723633,115.52265167236328,844.8387451171875,525.5478515625,289.95245361328125,495.2966613769531,149.23301696777344,105.05455017089844,73.60729217529297,117.9850845336914,32.62823486328125,72.83726501464844
2021-01-28,119.42884826660156,83.9464111328125,16.579837799072266,36.599403381347656,51.611328125,115.0833969116211,852.1576538085938,539.424072265625,289.7575988769531,505.66424560546875,154.01394653320312,105.40159606933594,73.62590789794922,118.65599822998047,32.619117736816406,74.5814208984375
2021-01-29,118.20304107666016,82.02397155761719,16.142318725585938,35.33367919921875,51.312564849853516,114.20489501953125,833.3659057617188,525.5478515625,282.64520263671875,487.374267578125,151.91616821289062,103.22018432617188,71.81993865966797,115.9244155883789,31.781219482421875,72.5908203125
2021-02-01,119.16617584228516,81.93524169921875,16.27816390991211,35.688968658447266,51.910091400146484,117.62128448486328,844.8387451171875,526.9063720703125,288.8807067871094,496.56817626953125,153.13580322265625,102.07991027832031,72.80670928955078,118.27261352539062,31.471559524536133,73.86100769042969
2021-02-02,118.9472885131836,87.33778381347656,16.59747886657715,36.954689025878906,51.0511474609375,120.11036682128906,875.1033935546875,532.9226684570312,290.7319030761719,513.39111328125,155.8189697265625,106.93849182128906,73.16976165771484,120.66874694824219,31.758447647094727,75.98432922363281
2021-02-03,119.51641082763672,88.54053497314453,16.74920082092285,37.21672439575195,50.659019470214844,118.59739685058594,880.83984375,527.1004638671875,288.2961120605469,512.9998779296875,154.6481475830078,107.93004608154297,72.35987091064453,120.28536224365234,32.00435256958008,75.87057495117188
2021-02-04,119.38507080078125,91.7840347290039,16.895626068115234,37.73633575439453,50.509639739990234,122.79467010498047,880.2463989257812,526.0330200195312,290.4396057128906,513.586669921875,156.84347534179688,111.94581604003906,73.38387298583984,119.9978256225586,31.817651748657227,77.06494903564453
2021-02-05,119.2975082397461,92.0995101928711,16.939733505249023,38.722267150878906,49.800079345703125,125.6741943359375,890.730224609375,532.728515625,297.7468566894531,517.1077270507812,159.2339324951172,111.2517318725586,74.48235321044922,119.4227523803711,31.940595626831055,81.52011108398438
2021-02-08,119.7790756225586,92.54315185546875,16.980308532714844,39.1885871887207,49.632022857666016,127.87043762207031,890.334716796875,530.787841796875,300.2800598144531,516.3252563476562,158.11187744140625,111.30130767822266,75.1898422241211,119.5665283203125,32.0407829284668,82.33531188964844
2021-02-09,120.3919906616211,91.1629409790039,17.019121170043945,39.01094055175781,49.912113189697266,130.01788330078125,905.5657958984375,539.035888671875,304.7618408203125,525.2257690429688,159.77056884765625,110.70638275146484,75.01297760009766,118.03301239013672,31.480661392211914,81.42532348632812
2021-02-10,117.98414611816406,90.39396667480469,17.0244140625,40.09012985229492,49.81875228881836,128.89535522460938,896.4667358398438,534.6692504882812,303.3003845214844,517.89013671875,159.1363525390625,109.91313934326172,73.97034454345703,117.93716430664062,31.644601821899414,81.10302734375
2021-02-11,118.15926361083984,89.93061065673828,16.99971580505371,40.58753967285156,50.920440673828125,129.04176330566406,908.9285888671875,531.6611328125,301.05950927734375,519.8463134765625,155.52627563476562,108.52497100830078,72.43434143066406,119.80613708496094,31.548974990844727,82.14573669433594
2021-02-12,118.115478515625,90.9066162109375,16.86210823059082,41.2848014831543,50.341583251953125,133.62948608398438,914.2694091796875,531.6611328125,310.1205139160156,517.6945190429688,155.42869567871094,107.97962951660156,72.76016998291016,123.63993835449219,31.854076385498047,81.19783020019531
2021-02-15,117.54635620117188,92.34597778320312,17.2625789642334,42.23520278930664,51.5739860534668,133.43426513671875,920.2036743164062,549.2247314453125,306.9053039550781,524.1498413085938,157.28253173828125,109.96272277832031,73.11390686035156,123.40032196044922,33.27943420410156,81.595947265625
2021-02-16,116.5832290649414,92.4741439819336,17.230823516845703,42.28849792480469,51.1071662902832,136.65542602539062,926.7313842773438,548.54541015625,305.54132080078125,527.96435546875,159.28269958496094,108.42581939697266,72.64845275878906,124.16708374023438,33.147369384765625,81.63386535644531
2021-02-17,116.9334487915039,92.5727310180664,17.380781173706055,42.32402801513672,52.1715087890625,133.6782989501953,920.2036743164062,509.3428039550781,308.8539123535156,523.2695922851562,159.3314971923828,110.06187438964844,73.33732604980469,121.77096557617188,33.66650390625,80.79969787597656
2021-02-18,116.4518814086914,89.99961853027344,17.147907257080078,41.813297271728516,51.891422271728516,134.16635131835938,924.3576049804688,517.0086669921875,308.6590270996094,522.29150390625,160.74624633789062,106.83934020996094,72.83463287353516,120.47705078125,33.31130599975586,80.5911636352539
2021-02-19,115.70763397216797,90.47283172607422,17.51485824584961,42.923583984375,53.04912567138672,133.1902313232422,953.039794921875,512.3508911132812,307.97705078125,529.9204711914062,159.38027954101562,111.10299682617188,71.68961334228516,123.25656127929688,33.6528434753418,80.5911636352539
2021-02-22,114.78828430175781,94.44587707519531,17.58013153076172,43.78960037231445,53.60930252075195,133.6782989501953,940.5779418945312,506.8198547363281,302.91064453125,530.9963989257812,157.03860473632812,113.82976531982422,71.0286636352539,120.5728988647461,34.12644577026367,81.08407592773438
2021-02-23,114.13159942626953,97.55134582519531,17.71685791015625,43.92283630371094,53.79603576660156,133.1902313232422,932.8634643554688,507.402099609375,303.69012451171875,527.5731811523438,156.59954833984375,117.647216796875,71.3265609741211,118.56015014648438,34.8914909362793,83.05572509765625
2021-02-24,113.21224975585938,101.26805877685547,17.910917282104492,44.562355041503906,54.113468170166016,133.6782989501953,927.5225219726562,510.7012939453125,299.3057556152344,521.1177978515625,156.59954833984375,119.97736358642578,71.33586883544922,118.46430206298828,35.49714660644531,83.3211441040039
2021-02-25,111.02330017089844,97.53163146972656,18.656288146972656,44.68671417236328,54.61763381958008,131.67727661132812,925.1488647460938,511.67169189453125,299.0134582519531,519.3572998046875,156.7458953857422,115.36666107177734,70.42356872558594,119.71029663085938,35.93431091308594,83.34009552001953
2021-02-26,109.18457794189453,94.5543212890625,18.347553253173828,43.767398834228516,52.713016510009766,131.77488708496094,913.0825805664062,509.3428039550781,295.018798828125,513.4888305664062,153.52609252929688,112.29285430908203,70.5632095336914,117.74546813964844,34.95069122314453,81.55802917480469
2021-03-01,111.54864501953125,99.25689697265625,18.793012619018555,43.643043518066406,53.441253662109375,133.28785705566406,918.6212158203125,530.9818725585938,297.8443298339844,525.323486328125,154.89205932617188,116.25904846191406,71.14037322998047,119.32691192626953,35.3696403503418,83.60549926757812
2021-03-02,111.11085510253906,97.69922637939453,19.044408798217773,44.81106185913086,52.39558029174805,133.04383850097656,916.9370727539062,541.3648071289062,300.9620361328125,527.4752807617188,153.72125244140625,116.15989685058594,71.0658950805664,120.81251525878906,35.4425048828125,83.37802124023438
2021-03-03,110.49795532226562,99.04000091552734,19.489864349365234,45.939109802246094,51.64867401123047,131.1404266357422,919.314697265625,537.580322265625,299.69549560546875,531.8766479492188,153.1846160888672,117.59764099121094,70.14429473876953,120.23743438720703,35.8022575378418,83.24530029296875
2021-03-04,111.59242248535156,98.88227081298828,19.40606689453125,45.87693786621094,52.41425323486328,130.7987823486328,901.0867919921875,530.3995971679688,302.813232421875,522.1937866210938,155.0384063720703,120.72102355957031,71.44757843017578,118.3205337524414,36.94071578979492,84.23113250732422
2021-03-05,111.59242248535156,94.07124328613281,19.40606689453125,45.82364273071289,52.918418884277344,130.21310424804688,881.6702880859375,523.02490234375,300.8646240234375,511.7283020019531,154.55056762695312,118.09341430664062,72.03404998779297,117.45793914794922,37.31867980957031,82.01302337646484
2021-03-08,114.56939697265625,99.09915161132812,19.904449462890625,47.298099517822266,53.27320098876953,133.87351989746094,891.1804809570312,537.0951538085938,300.8646240234375,523.171875,153.28216552734375,124.48890686035156,72.95565032958984,119.75821685791016,37.268585205078125,83.88988494873047
2021-03-09,114.30671691894531,98.84283447265625,20.063228607177734,46.71186828613281,52.86240005493164,133.87351989746094,900.6906127929688,545.9254150390625,303.10552978515625,528.8446655273438,153.08702087402344,122.15876770019531,73.9610366821289,120.0457534790039,37.03634262084961,84.78092193603516
2021-03-10,117.6339111328125,97.59078216552734,20.072046279907227,46.86286926269531,53.889400482177734,134.50799560546875,916.5408325195312,560.2867431640625,310.31536865234375,540.8749389648438,156.84347534179688,120.02693939208984,75.30155181884766,121.24381256103516,37.62378692626953,84.74300384521484
2021-03-11,116.97722625732422,97.72879791259766,20.027942657470703,46.48093032836914,53.51594161987305,137.92437744140625,945.2694702148438,569.79638671875,312.84857177734375,552.122802734375,156.64833068847656,119.63031768798828,74.6406021118164,123.06485748291016,38.015419006347656,84.72403717041016
2021-03-12,116.4518814086914,98.58650207519531,20.230825424194336,47.14710235595703,54.26285171508789,136.41140747070312,945.2694702148438,578.7236938476562,314.3100280761719,551.0469360351562,156.89224243164062,119.43199920654297,74.39856719970703,121.24381256103516,38.425262451171875,86.3923568725586
2021-03-15,116.84589385986328,98.58650207519531,20.072046279907227,46.03681945800781,55.831356048583984,136.06976318359375,953.987060546875,585.3221435546875,313.23828125,545.9608764648438,156.6970977783203,120.91932678222656,75.99043273925781,120.33328247070312,37.60557556152344,86.44922637939453
2021-03-16,118.64082336425781,100.34134674072266,19.94414520263672,45.468353271484375,55.75666809082031,133.62948608398438,965.874755859375,584.8369140625,315.0894470214844,548.014892578125,157.96551513671875,124.0427017211914,77.01443481445312,121.77096557617188,37.127418518066406,86.77152252197266
2021-03-17,118.64082336425781,99.57237243652344,19.798599243164062,45.90357971191406,55.86870193481445,131.3356475830078,972.611083984375,586.3895263671875,317.6226501464844,555.7416381835938,158.55093383789062,122.55538177490234,76.16730499267578,121.10003662109375,36.98625183105469,86.75255584716797
2021-03-18,119.6915283203125,99.67095947265625,20.076457977294922,46.978336334228516,54.972412109375,130.45712280273438,968.2523803710938,588.4273681640625,313.7254333496094,553.88330078125,157.5752410888672,122.50580596923828,76.58621215820312,122.34603118896484,36.82686996459961,86.29757690429688
2021-03-19,118.8597183227539,95.96410369873047,20.14702606201172,45.432823181152344,55.10312271118164,128.4073028564453,938.3349609375,576.0066528320312,312.1665344238281,545.178466796875,156.3068389892578,118.24214935302734,77.91741943359375,120.81251525878906,36.640159606933594,84.07946014404297
2021-03-22,120.08552551269531,95.69792175292969,19.825061798095703,45.0420036315918,55.084449768066406,126.55269622802734,929.2210693359375,559.510498046875,312.5562438964844,544.39599609375,155.13600158691406,116.01116180419922,77.04236602783203,121.91471862792969,36.18478012084961,82.50593566894531
2021-03-23,121.31134796142578,93.86421203613281,19.789775848388672,44.73112487792969,55.30852508544922,128.60252380371094,931.5985717773438,558.7341918945312,313.43316650390625,542.0486450195312,155.18478393554688,114.52384185791016,76.77239990234375,121.0521240234375,35.920650482177734,81.63386535644531
2021-03-24,119.16617584228516,94.61347198486328,19.8603458404541,45.40617370605469,54.430904388427734,130.4083251953125,929.6173095703125,554.2705688476562,310.0230712890625,541.2661743164062,154.45301818847656,115.66412353515625,76.24178314208984,119.75821685791016,36.48988342285156,83.34009552001953
2021-03-25,119.99797821044922,95.12611389160156,19.84711265563965,45.14859390258789,54.598960876464844,132.45816040039062,932.39111328125,549.030517578125,314.4074401855469,543.4179077148438,155.0872039794922,115.56497192382812,77.38680267333984,119.66236877441406,35.87870407104492,82.9609375
2021-03-26,119.6915283203125,96.29930114746094,19.873577117919922,45.89469909667969,54.710994720458984,132.6533660888672,934.3724365234375,548.1572875976562,315.2843322753906,542.7332153320312,153.9163818359375,114.3255386352539,77.79640197753906,119.90198516845703,36.26300811767578,82.69551086425781
2021-03-29,121.48645782470703,96.02325439453125,19.98383903503418,45.006473541259766,55.17781448364258,134.11753845214844,934.5704956054688,557.0845336914062,318.2072448730469,542.7332153320312,155.86776733398438,114.27595520019531,78.64353942871094,121.0521240234375,36.80472946166992,83.30216979980469
2021-03-30,121.74913024902344,96.31901550292969,20.420475006103516,46.73851776123047,54.89772033691406,134.7032012939453,938.5330810546875,572.9015502929688,319.3763732910156,560.9254150390625,157.33131408691406,115.56497192382812,78.06636810302734,122.92109680175781,37.272369384765625,83.79508972167969
2021-03-31,121.96802520751953,95.1754150390625,20.18671989440918,46.08123016357422,54.61763381958008,135.5329132080078,935.1649169921875,571.1548461914062,318.4020690917969,555.643798828125,156.16046142578125,115.06919860839844,78.4294204711914,124.83799743652344,36.83251190185547,82.80926513671875
2021-04-01,122.21318817138672,99.00056457519531,20.292570114135742,46.32105255126953,54.35621643066406,135.13270568847656,947.64697265625,581.634765625,315.5279235839844,559.1649169921875,157.4776611328125,118.64868927001953,78.38287353515625,125.94020080566406,36.20744323730469,85.23590850830078
2021-04-06,122.8436050415039,99.276611328125,20.468990325927734,46.143402099609375,54.82303237915039,134.7422637939453,955.3739624023438,578.3355712890625,322.64031982421875,564.153076171875,162.55130004882812,118.64868927001953,78.52251434326172,127.1670150756836,35.94816589355469,84.66716766357422
2021-04-07,122.33576965332031,99.1188735961914,20.67628288269043,46.44540023803711,55.681976318359375,133.0633544921875,942.4956665039062,575.4244995117188,322.2018737792969,564.5443115234375,162.2585906982422,118.47020721435547,78.30841064453125,126.47694396972656,36.036128997802734,84.49654388427734
2021-04-08,122.89613342285156,99.37519836425781,20.67628288269043,46.18781661987305,56.10211181640625,133.08287048339844,971.42236328125,587.0687866210938,330.8731689453125,573.2491455078125,164.50270080566406,119.69972229003906,78.8576431274414,128.6238555908203,35.429588317871094,85.97527313232422
2021-04-09,123.31641387939453,99.67095947265625,20.72920799255371,45.70817184448242,55.63529586791992,133.82472229003906,980.3380737304688,593.7643432617188,329.75274658203125,575.4009399414062,164.4539031982422,118.11325073242188,79.18345642089844,129.83151245117188,35.0452880859375,85.5487289428711
2021-04-12,122.94867706298828,98.48792266845703,20.887985229492188,45.67264175415039,55.57927703857422,135.81597900390625,976.177490234375,598.1309204101562,328.4373779296875,576.7703247070312,164.16119384765625,116.7845687866211,78.83902740478516,127.91461944580078,34.883235931396484,85.94683837890625
2021-04-13,123.8943099975586,97.00912475585938,20.910037994384766,45.86804962158203,55.429893493652344,134.2737274169922,989.0558471679688,608.22265625,331.31158447265625,581.7583618164062,164.89297485351562,115.4757308959961,78.26185607910156,128.1829833984375,35.07307052612305,86.1458969116211
2021-04-14,122.5809326171875,98.80339813232422,20.82623863220215,46.17005157470703,54.90705871582031,134.8984375,995.593994140625,614.1419067382812,330.4347229003906,598.3856811523438,165.4296112060547,116.4276123046875,78.19669342041016,127.30122375488281,35.461997985839844,85.87100982666016
2021-04-15,123.4214859008789,101.38636016845703,20.649818420410156,45.97463607788086,55.252506256103516,136.49925231933594,1000.0518798828125,611.3278198242188,333.9909362792969,603.1782836914062,166.3565216064453,118.62885284423828,78.7645492553711,129.42897033691406,35.188819885253906,85.14112091064453
2021-04-16,123.63162231445312,102.21449279785156,20.910037994384766,46.987220764160156,55.61662292480469,135.75741577148438,1016.8927612304688,616.1795654296875,327.9015197753906,616.1866455078125,166.69801330566406,121.86129760742188,79.13691711425781,131.78675842285156,35.142520904541016,85.92788696289062
2021-04-19,123.52655792236328,101.24833679199219,20.949729919433594,47.36915969848633,56.33551788330078,136.18690490722656,1010.4535522460938,621.2255249023438,330.1424560546875,611.198486328125,167.62493896484375,121.36552429199219,80.25401306152344,131.80593872070312,35.22586441040039,87.28339385986328
2021-04-20,122.30074310302734,96.55562591552734,20.43811798095703,45.14859390258789,55.3178596496582,135.8354949951172,1000.5472412109375,607.5433959960938,328.924560546875,595.8421630859375,167.5761260986328,116.20946502685547,80.11437225341797,130.48326110839844,34.13315963745117,85.25737762451172
2021-04-21,123.0887680053711,96.34859466552734,20.43811798095703,44.73112487792969,54.87904739379883,137.80723571777344,1016.8927612304688,632.8698120117188,333.79608154296875,614.840576171875,168.89334106445312,116.05082702636719,80.84048461914062,129.6973419189453,34.174827575683594,84.74360656738281
2021-04-22,123.75420379638672,98.30060577392578,20.42929458618164,45.01535415649414,55.719322204589844,139.21282958984375,1037.6961669921875,626.2714233398438,338.7650146484375,622.125,171.0398712158203,120.01702117919922,80.57052612304688,131.42254638671875,34.16557312011719,84.29769134521484
2021-04-23,123.75420379638672,97.06827545166016,20.44693946838379,44.864356994628906,54.93506622314453,137.53392028808594,1040.1728515625,629.5706176757812,336.5728454589844,618.285888671875,169.23483276367188,120.21532440185547,79.4441146850586,131.5375518798828,34.05445098876953,84.79207611083984
2021-04-26,123.94683074951172,99.80897521972656,20.508684158325195,46.107872009277344,54.30019760131836,136.98731994628906,1036.2103271484375,627.2417602539062,333.9422302246094,616.0218505859375,166.7955780029297,122.87267303466797,79.48135375976562,130.84747314453125,34.13315963745117,86.56604766845703
2021-04-27,124.2445297241211,98.37947845458984,20.37636947631836,46.0634651184082,54.05745315551758,136.2845001220703,1041.1634521484375,629.279541015625,331.42840576171875,622.8140258789062,166.64923095703125,121.02839660644531,79.4999771118164,131.80593872070312,34.068336486816406,87.13798522949219
2021-04-28,123.98184967041016,97.89640045166016,20.667461395263672,47.50238800048828,54.36555099487305,137.82675170898438,1040.6680908203125,631.7053833007812,334.18865966796875,623.3062744140625,167.38099670410156,119.97736358642578,81.42696380615234,130.86663818359375,34.67488479614258,87.37063598632812
2021-04-29,124.06941223144531,98.58650207519531,20.680692672729492,47.813270568847656,55.20582580566406,137.8853302001953,1046.11669921875,637.139404296875,338.23046875,625.7671508789062,169.6251220703125,119.521240234375,80.84048461914062,128.79640197753906,34.35540008544922,87.96195983886719
2021-04-30,122.68600463867188,98.52735900878906,20.75126075744629,47.42245101928711,54.73900604248047,135.09365844726562,1034.22900390625,646.7460327148438,336.801025390625,616.4156494140625,166.55166625976562,123.13048553466797,81.24077606201172,127.49290466308594,34.10074996948242,88.60176086425781
2021-05-03,123.07125091552734,98.4977798461914,21.090866088867188,47.48462677001953,55.50458908081055,136.0307159423828,1045.1259765625,655.2852172851562,340.6949768066406,620.7468872070312,168.30792236328125,123.70558166503906,80.70085144042969,129.10308837890625,34.485050201416016,89.51297760009766
2021-05-04,122.44084167480469,95.36273193359375,20.901216506958008,47.120452880859375,55.10312271118164,134.68368530273438,1038.6868896484375,659.0028076171875,336.50531005859375,609.2296752929688,168.35670471191406,121.78197479248047,80.84979248046875,126.22775268554688,34.878604888916016,90.80225372314453
2021-05-05,123.64913940429688,95.20498657226562,20.971784591674805,48.763675689697266,55.18715286254883,135.71836853027344,1061.4715576171875,671.1341552734375,341.08929443359375,621.9281005859375,169.3323974609375,121.50434875488281,81.75833129882812,128.94973754882812,36.12873077392578,91.49051666259766
2021-05-06,125.4002914428711,95.3824462890625,21.311389923095703,48.77255630493164,55.07511520385742,135.93310546875,1061.521240234375,675.3410034179688,342.71588134765625,615.5296630859375,170.1129608154297,122.25791931152344,81.47804260253906,128.6046905517578,36.24448776245117,92.1690902709961
2021-05-07,125.45282745361328,96.97954559326172,21.311389923095703,48.65708541870117,55.23383331298828,137.33871459960938,1065.9918212890625,680.0369262695312,344.9339599609375,621.5343627929688,169.91781616210938,124.14186096191406,82.57987976074219,129.352294921875,36.1611442565918,92.76042175292969
2021-05-10,125.4703369140625,96.96968841552734,21.60672950744629,49.580841064453125,55.581336975097656,136.51878356933594,1052.580078125,689.1354370117188,347.3984680175781,615.234375,169.86903381347656,124.69712829589844,83.47874450683594,127.94500732421875,36.429691314697266,91.89766693115234
2021-05-11,123.56157684326172,94.54446411132812,21.161375045776367,49.563079833984375,54.03687286376953,134.6055908203125,1042.148681640625,678.5694580078125,341.4836120605469,602.7327880859375,166.74679565429688,121.46468353271484,82.2995834350586,126.08818817138672,35.577754974365234,89.90072631835938
2021-05-12,123.05374145507812,95.19512939453125,21.278573989868164,50.273658752441406,54.789798736572266,134.66416931152344,1036.1878662109375,678.4716186523438,341.3850402832031,600.6656494140625,168.6981964111328,120.39380645751953,83.12113189697266,124.95454406738281,36.39265441894531,91.28694915771484
2021-05-13,123.8067398071289,94.6430435180664,21.15199851989746,49.79402160644531,55.697174072265625,134.83987426757812,1048.606201171875,680.9174194335938,345.1803894042969,606.375,169.42996215820312,118.9461441040039,83.70104217529297,124.97408294677734,35.938899993896484,90.57929992675781
2021-05-14,124.4196548461914,98.16258239746094,21.44734001159668,50.66447830200195,55.55237579345703,136.53831481933594,1061.0245361328125,691.581298828125,347.34918212890625,618.285888671875,171.08865356445312,123.48744201660156,83.81703186035156,128.4532012939453,36.809364318847656,92.4889907836914
2021-05-17,124.60713958740234,95.53032684326172,21.391084671020508,50.61118698120117,56.266693115234375,136.8311309814453,1058.5408935546875,691.581298828125,350.4051818847656,614.25,172.4546356201172,120.84991455078125,84.70623016357422,127.39773559570312,36.86492156982422,90.81195068359375
2021-05-18,123.66071319580078,95.76692962646484,21.2316951751709,50.69112777709961,56.0350227355957,136.79209899902344,1054.0703125,694.5162963867188,346.9548645019531,613.265625,172.06436157226562,119.97736358642578,84.3099594116211,127.10454559326172,36.758426666259766,90.49205017089844
2021-05-19,122.78571319580078,93.7163314819336,20.90353775024414,49.68743133544922,56.30530548095703,134.11753845214844,1049.599609375,689.5267944335938,345.1803894042969,609.426513671875,170.74716186523438,116.20946502685547,83.89435577392578,123.35181427001953,35.54533767700195,89.01859283447266
2021-05-20,124.46428680419922,95.14583587646484,20.978546142578125,49.92725372314453,57.811153411865234,137.6705780029297,1060.031005859375,697.842529296875,353.7569274902344,619.0734252929688,173.0888214111328,117.75629425048828,85.15083312988281,125.5409164428711,35.693504333496094,89.99767303466797
2021-05-21,125.16071319580078,96.52605438232422,21.137935638427734,49.95389938354492,58.42893981933594,139.09571838378906,1074.93310546875,704.20166015625,356.1721496582031,621.731201171875,174.45481872558594,118.90648651123047,85.27648162841797,126.53772735595703,36.114845275878906,90.5599136352539
2021-05-24,126.0,96.87110137939453,21.1144962310791,50.37976837158203,58.419288635253906,139.2714080810547,1089.33837890625,706.060546875,359.52392578125,627.5390625,175.86956787109375,120.71109771728516,85.22815704345703,126.32272338867188,36.151885986328125,90.95736694335938
2021-05-25,125.98213958740234,95.76692962646484,20.89885139465332,50.19854736328125,58.24553298950195,137.82675170898438,1107.2208251953125,708.7998046875,361.9884338378906,629.7047119140625,175.7232208251953,118.52969360351562,84.9961929321289,126.06864166259766,35.49441146850586,90.44358825683594
2021-05-26,125.26786041259766,96.28943634033203,20.833219528198242,49.51896667480469,57.183719635009766,139.58377075195312,1118.645751953125,719.85498046875,361.24908447265625,630.590576171875,175.6256561279297,117.20101928710938,85.69209289550781,126.10771942138672,35.624053955078125,90.80225372314453
2021-05-27,124.8035659790039,105.17208099365234,21.04417610168457,51.09559631347656,56.22808074951172,139.13475036621094,1132.5543212890625,720.6376342773438,360.70684814453125,638.2687377929688,175.23538208007812,121.524169921875,83.9620132446289,126.45954132080078,35.23048782348633,90.8701171875
2021-05-28,124.60713958740234,106.47342681884766,21.3817081451416,51.17715072631836,56.430789947509766,140.23634338378906,1136.5281982421875,732.5732421875,366.27667236328125,645.5531005859375,176.79647827148438,123.07099151611328,85.01551818847656,127.65181732177734,35.32309341430664,90.54051971435547
2021-05-31,124.17857360839844,105.15237426757812,21.170751571655273,50.60629653930664,56.276344299316406,139.5478515625,1144.97265625,732.0841064453125,363.0727844238281,641.8125,175.77200317382812,121.74765014648438,84.05866241455078,126.45954132080078,35.100852966308594,90.0752182006836
2021-06-01,124.66071319580078,107.22268676757812,21.367645263671875,51.38555145263672,56.19912338256836,139.6265411376953,1142.4888916015625,725.920654296875,364.7486877441406,646.832763671875,176.65013122558594,123.8172378540039,82.9858169555664,127.47592163085938,35.94816589355469,91.0833740234375
2021-06-02,125.55357360839844,109.13526153564453,21.423900604248047,51.6483268737793,56.33426284790039,141.29859924316406,1147.456298828125,730.6165771484375,366.32598876953125,650.671875,176.2598419189453,125.05103302001953,82.64753723144531,128.51182556152344,36.7537956237793,90.99613189697266
2021-06-03,125.5,108.22826385498047,21.3817081451416,52.04701614379883,56.44044494628906,141.7707061767578,1147.456298828125,725.1380004882812,367.5582275390625,644.0765380859375,174.50360107421875,123.24014282226562,82.61853790283203,127.14364624023438,36.7537956237793,90.58899688720703
2021-06-04,125.82142639160156,108.36628723144531,21.409835815429688,51.74799728393555,56.8169059753418,141.37728881835938,1150.9334716796875,719.7571411132812,371.0578308105469,641.0250244140625,175.28414916992188,121.90684509277344,83.19845581054688,127.67137145996094,36.7537956237793,90.58899688720703
2021-06-07,125.89286041259766,109.74649810791016,21.55047607421875,52.16481018066406,56.82655715942383,143.18704223632812,1160.3714599609375,717.1156616210938,373.3744812011719,647.0296630859375,176.3086395263672,122.94163513183594,83.29510498046875,127.53455352783203,36.568599700927734,91.034912109375
2021-06-08,125.76786041259766,108.9380874633789,21.466093063354492,51.358367919921875,57.27059555053711,144.5443572998047,1174.280029296875,725.920654296875,375.3953857421875,649.3922119140625,175.7232208251953,123.27993774414062,82.47356414794922,128.9613800048828,36.7028694152832,91.28694915771484
2021-06-09,126.76785278320312,109.03667449951172,21.058238983154297,50.950618743896484,56.76864242553711,143.99354553222656,1185.2081298828125,728.4642944335938,376.578369140625,652.1483764648438,176.4062042236328,124.03614044189453,83.6043930053711,128.7659149169922,37.054752349853516,92.71194458007812
2021-06-10,126.17858123779297,108.95780181884766,20.912914276123047,50.82376480102539,57.00031280517578,143.9148712158203,1176.2669677734375,723.1813354492188,376.578369140625,647.4234619140625,175.38172912597656,122.50384521484375,85.25714874267578,127.7300033569336,36.874183654785156,91.2190933227539
2021-06-11,125.60713958740234,110.77179718017578,21.00667381286621,51.032169342041016,57.3092041015625,145.9803466796875,1189.6787109375,726.8011474609375,378.5992736816406,657.660888671875,174.16209411621094,123.021240234375,85.92405700683594,127.18273162841797,37.34645462036133,92.10124206542969
2021-06-14,125.76786041259766,110.81123352050781,21.07230567932129,51.14996337890625,57.41538619995117,146.0590362548828,1188.1884765625,727.8772583007812,379.0921630859375,662.0906372070312,173.04005432128906,122.48394012451172,85.91439056396484,127.14364624023438,37.86039352416992,93.07062530517578
2021-06-15,129.05357360839844,111.58020782470703,21.325454711914062,51.168087005615234,57.241634368896484,145.52792358398438,1195.142822265625,732.964599609375,381.9510192871094,667.2093505859375,174.60116577148438,122.52374267578125,85.88539123535156,129.66500854492188,37.8881721496582,92.7991943359375
2021-06-16,130.89285278320312,112.46749114990234,21.320764541625977,50.50662612915039,57.28024673461914,145.5672607421875,1196.13623046875,733.5515747070312,383.6761779785156,671.6390380859375,176.65013122558594,124.71273040771484,85.99171447753906,129.72366333007812,37.920589447021484,92.87673950195312
2021-06-17,129.875,112.98013305664062,21.456716537475586,51.023109436035156,57.13545227050781,146.80653381347656,1201.1036376953125,742.2587280273438,385.8449401855469,676.5609130859375,176.21107482910156,125.60822296142578,85.91439056396484,129.66500854492188,37.707603454589844,93.2935791015625
2021-06-18,129.10714721679688,111.126708984375,20.673828125,48.69440460205078,56.527320861816406,147.02291870117188,1205.0775146484375,733.7472534179688,384.76055908203125,670.457763671875,174.74752807617188,124.15553283691406,85.03485107421875,128.68772888183594,36.610267639160156,91.24817657470703
2021-06-21,132.32142639160156,111.32388305664062,20.462873458862305,48.80313491821289,55.27244186401367,147.92779541015625,1217.495849609375,742.7479248046875,383.7254638671875,669.4734497070312,175.23538208007812,125.30973052978516,85.26681518554688,131.32638549804688,37.00382614135742,91.14154052734375
2021-06-22,134.78570556640625,111.04783630371094,20.326921463012695,48.911869049072266,55.02146911621094,147.55406188964844,1215.01220703125,745.389404296875,382.00030517578125,670.5562744140625,175.5768585205078,125.90673065185547,84.79322052001953,132.42092895507812,37.2307014465332,91.40327453613281
2021-06-23,133.0357208251953,109.7267837524414,20.083148956298828,48.45881271362305,55.02146911621094,150.4457244873047,1197.1297607421875,723.3770141601562,376.03619384765625,658.645263671875,179.0406036376953,123.27993774414062,84.20364379882812,131.40457153320312,37.07790756225586,89.91043090820312
2021-06-24,134.92857360839844,110.3380126953125,20.37380027770996,49.020599365234375,55.09869384765625,152.84561157226562,1220.4761962890625,734.6277465820312,384.6127014160156,662.6812744140625,182.84580993652344,125.72763061523438,84.66757202148438,133.98458862304688,37.901756286621094,91.034912109375
2021-06-25,133.60714721679688,108.76063537597656,20.608198165893555,49.346805572509766,55.861270904541016,152.96365356445312,1218.986083984375,742.7479248046875,379.93011474609375,663.074951171875,182.45553588867188,123.85704040527344,85.29581451416016,133.5350341796875,37.600467681884766,90.4048080444336
2021-06-28,133.19642639160156,105.58614349365234,20.256601333618164,48.20510482788086,57.087188720703125,152.05877685546875,1213.52197265625,731.4970703125,380.1765441894531,657.168701171875,184.0654296875,118.34476470947266,86.12702178955078,132.69456481933594,36.51769256591797,87.99104309082031
2021-06-29,132.78570556640625,104.97491455078125,20.31285858154297,48.54036331176758,57.376773834228516,153.0226593017578,1223.4566650390625,738.0519409179688,377.8106384277344,663.46875,182.99217224121094,116.81246948242188,85.37313842773438,131.99093627929688,36.34821319580078,87.75839233398438
2021-06-30,131.8392791748047,106.90721130371094,20.05033302307129,47.90608596801758,57.3092041015625,153.0816650390625,1220.4761962890625,721.0289916992188,370.4663391113281,650.9671630859375,182.65066528320312,116.33486938476562,85.40213012695312,129.66500854492188,35.92451858520508,87.23492431640625
2021-07-01,132.16070556640625,108.34657287597656,20.3362979888916,48.45881271362305,58.2069206237793,150.46539306640625,1212.0318603515625,723.1813354492188,370.02276611328125,653.526611328125,182.45553588867188,118.2054672241211,85.498779296875,130.17320251464844,36.4941520690918,88.54359436035156
2021-07-02,132.32142639160156,110.63378143310547,20.392553329467773,47.543643951416016,58.12004470825195,149.9342803955078,1210.044921875,718.4853515625,367.3610534667969,653.034423828125,180.84564208984375,118.82235717773438,84.95752716064453,130.83775329589844,36.357627868652344,88.7762451171875
2021-07-05,131.62501525878906,111.48162078857422,20.537879943847656,48.594730377197266,57.917335510253906,149.87525939941406,1212.0318603515625,721.8116455078125,367.4103698730469,650.3765869140625,179.86993408203125,119.57855987548828,83.99100494384766,131.99093627929688,36.44707107543945,89.04767608642578
2021-07-06,131.30357360839844,109.31271362304688,20.21441078186035,47.04528045654297,58.31310272216797,149.1080780029297,1216.0057373046875,712.1261596679688,365.2415771484375,645.5531005859375,179.6260223388672,117.2701644897461,83.86534881591797,132.57730102539062,35.68913650512695,88.76655578613281
2021-07-07,132.58929443359375,108.2677001953125,20.26597785949707,46.374759674072266,58.39998245239258,152.6292266845703,1229.41748046875,721.8116455078125,371.15643310546875,650.081298828125,181.62109375,115.37967681884766,83.89435577392578,133.51547241210938,35.279563903808594,88.98951721191406
2021-07-08,130.23214721679688,107.47900390625,19.956573486328125,45.047306060791016,57.222328186035156,150.28836059570312,1196.633056640625,697.4512329101562,359.81964111328125,629.2124633789062,177.1002197265625,116.61346435546875,82.90849304199219,130.1341094970703,34.931190490722656,87.72930908203125
2021-07-09,132.07144165039062,111.16614532470703,20.4534969329834,46.148231506347656,57.396080017089844,151.80303955078125,1227.4305419921875,715.3546752929688,366.52313232421875,652.0499877929688,177.73904418945312,119.31985473632812,84.30029296875,133.90640258789062,35.26073455810547,88.93134307861328
2021-07-12,133.60714721679688,110.61405944824219,20.462873458862305,46.24790573120117,57.60844421386719,153.75050354003906,1243.82275390625,719.2680053710938,370.02276611328125,655.59375,179.2623748779297,116.0960693359375,85.82740020751953,135.0986785888672,35.279563903808594,89.48389434814453
2021-07-13,134.01785278320312,109.6676254272461,20.411304473876953,46.05762481689453,57.647056579589844,154.79307556152344,1258.22802734375,727.4859619140625,370.1706237792969,660.2203369140625,180.4417266845703,114.16577911376953,85.75975036621094,135.2745819091797,35.015933990478516,88.6114501953125
2021-07-14,133.94642639160156,109.41130828857422,20.4534969329834,46.3385124206543,57.59878921508789,154.89141845703125,1261.20849609375,734.334228515625,371.15643310546875,661.106201171875,180.5891571044922,114.68318176269531,85.70175170898438,133.67184448242188,34.93590545654297,87.27369689941406
2021-07-15,133.625,108.8395004272461,20.4066162109375,45.957950592041016,56.79759979248047,151.50796508789062,1260.7117919921875,723.7682495117188,368.2975769042969,652.8375244140625,179.9994659423828,112.39469146728516,84.23263549804688,132.9486541748047,34.50279235839844,85.86809539794922
2021-07-16,133.0,109.07611083984375,20.270666122436523,45.196815490722656,57.116146087646484,149.73756408691406,1241.8358154296875,715.941650390625,369.28338623046875,644.0765380859375,181.0314178466797,112.97178649902344,84.92853546142578,131.1504669189453,34.16383743286133,86.45941925048828
2021-07-19,131.125,102.11590576171875,19.689361572265625,43.303043365478516,56.430789947509766,146.13772583007812,1223.9534912109375,696.3750610351562,367.8539733886719,629.901611328125,177.14935302734375,107.30030822753906,83.86534881591797,128.66819763183594,32.85038757324219,83.05687713623047
2021-07-20,131.9107208251953,104.50169372558594,19.886253356933594,44.12307357788086,56.47905349731445,147.1802978515625,1231.901123046875,703.6146850585938,371.3536071777344,635.020263671875,178.03387451171875,110.3250961303711,84.17463684082031,130.3100128173828,32.826847076416016,83.42523956298828
2021-07-21,133.2857208251953,109.07611083984375,20.289417266845703,45.513954162597656,56.92308807373047,149.42282104492188,1249.286865234375,711.1478271484375,373.768798828125,648.8999633789062,179.80291748046875,115.33987426757812,84.11665344238281,132.0886688232422,33.70248031616211,85.1798324584961
2021-07-22,133.26785278320312,107.97193908691406,20.4066162109375,45.28742599487305,55.726131439208984,150.76046752929688,1253.7574462890625,712.0283203125,373.818115234375,650.081298828125,180.54000854492188,113.9269790649414,84.59991455078125,134.2777557373047,33.556541442871094,85.70330047607422
2021-07-23,134.42857360839844,109.9239501953125,20.411304473876953,45.8220329284668,56.170162200927734,152.57022094726562,1279.587646484375,731.3992309570312,381.5566711425781,663.46875,183.14442443847656,115.81747436523438,85.12183380126953,136.9945831298828,33.55183410644531,87.39002990722656
2021-07-26,133.17857360839844,110.41688537597656,20.53318977355957,46.85499572753906,56.006065368652344,151.37026977539062,1272.1365966796875,731.1057739257812,378.05706787109375,662.878173828125,181.57196044921875,115.63837432861328,84.64823913574219,136.8186798095703,34.32860565185547,87.25431823730469
2021-07-27,133.14285278320312,110.73236083984375,20.444120407104492,46.42912673950195,55.21452713012695,150.42605590820312,1261.705322265625,715.3546752929688,378.1063537597656,659.1375122070312,181.7685089111328,114.68318176269531,84.20364379882812,135.13775634765625,34.319190979003906,86.28492736816406
2021-07-28,133.6607208251953,113.67024230957031,20.462873458862305,46.35663986206055,55.18556594848633,150.85882568359375,1287.0386962890625,741.3782348632812,380.37371826171875,677.4468383789062,182.40733337402344,116.2353744506836,84.65790557861328,135.90003967285156,34.56399154663086,87.44818878173828
2021-07-29,130.0178680419922,114.36034393310547,20.547256469726562,47.18119812011719,58.74748611450195,151.42929077148438,1278.5941162109375,743.6283569335938,379.43719482421875,673.3125,184.27464294433594,112.43448638916016,83.62371826171875,135.6459503173828,35.31251907348633,87.73900604248047
2021-07-30,130.875,114.06458282470703,20.51443862915039,46.61941146850586,59.90583419799805,156.5438232421875,1280.5810546875,739.8129272460938,380.4230041503906,663.370361328125,182.8987274169922,109.74800109863281,83.97167205810547,138.08914184570312,34.5545768737793,86.47880554199219
2021-08-02,129.51785278320312,115.12931823730469,21.3817081451416,46.16635513305664,61.0834846496582,161.30426025390625,1301.4439697265625,757.7163696289062,387.12652587890625,676.265625,182.94786071777344,110.9220962524414,83.84602355957031,138.77322387695312,34.54515838623047,87.02165222167969
2021-08-03,130.07142639160156,113.1575927734375,21.653608322143555,46.5741081237793,61.42133712768555,163.4287567138672,1317.836181640625,760.162109375,388.26019287109375,685.026611328125,182.25991821289062,108.9520034790039,83.55606079101562,140.6300506591797,35.48670196533203,86.80839538574219
2021-08-04,129.94644165039062,112.82240295410156,21.705177307128906,47.1268310546875,60.60083770751953,163.4680938720703,1323.797119140625,762.8037109375,389.7881774902344,683.8452758789062,183.34100341796875,108.87240600585938,81.67134094238281,144.36325073242188,35.39255142211914,86.7017593383789
2021-08-05,131.17855834960938,114.99130249023438,21.920822143554688,47.48927688598633,60.813201904296875,163.4680938720703,1326.7774658203125,761.8253173828125,392.5977478027344,686.5031127929688,183.8815460205078,110.9419937133789,82.27059173583984,143.8941650390625,35.47257995605469,87.59359741210938
2021-08-06,131.32142639160156,115.24762725830078,22.202098846435547,48.92999267578125,60.523616790771484,163.1730194091797,1331.7447509765625,765.54296875,393.3863525390625,686.5031127929688,183.9306640625,112.03649139404297,83.36276245117188,143.83551025390625,35.717384338378906,87.69053649902344
2021-08-09,131.4107208251953,113.13787841796875,22.286481857299805,49.12027359008789,60.523616790771484,163.36973571777344,1325.7840576171875,767.2061767578125,393.4356689453125,686.5031127929688,183.68495178222656,109.54900360107422,84.135986328125,144.44143676757812,35.604393005371094,86.80839538574219
2021-08-10,132.25,113.5322265625,22.352113723754883,48.948116302490234,61.10279083251953,160.4780731201172,1321.3133544921875,772.7825927734375,392.4991455078125,690.637451171875,183.63583374023438,109.03160858154297,83.67205047607422,145.41871643066406,35.43021011352539,86.77931213378906
2021-08-11,132.75,114.08430480957031,22.600574493408203,49.6276969909668,61.469600677490234,160.53707885742188,1325.2872314453125,771.1194458007812,394.6186218261719,693.7874755859375,181.57196044921875,109.05150604248047,83.73004150390625,148.80007934570312,35.929229736328125,88.12676239013672
2021-08-12,132.2678680419922,113.67024230957031,22.750587463378906,49.219947814941406,61.77849197387695,161.2058868408203,1330.751220703125,774.9349365234375,398.1182556152344,700.8749389648438,181.67022705078125,109.1510009765625,84.40660858154297,148.0182647705078,36.0845832824707,88.56298065185547
2021-08-13,132.83929443359375,113.80826568603516,22.919353485107422,49.274314880371094,62.2418327331543,162.20913696289062,1338.698974609375,771.8042602539062,397.37890625,698.7093505859375,182.505615234375,109.19080352783203,84.52259063720703,149.5232696533203,35.98572540283203,88.65991973876953
2021-08-16,133.0,112.9998550415039,22.81153106689453,48.79407501220703,62.74378204345703,160.4780731201172,1316.345947265625,735.7039184570312,392.9427795410156,684.0421752929688,182.40733337402344,107.14111328125,85.10250854492188,149.71871948242188,35.54319763183594,88.37879180908203
2021-08-17,133.35714721679688,111.93511962890625,22.656829833984375,47.89702606201172,62.608642578125,161.22557067871094,1321.3133544921875,728.2686767578125,394.4214782714844,679.7109375,181.1788330078125,106.08641815185547,86.30099487304688,150.9891815185547,35.61381149291992,87.68083953857422
2021-08-18,134.66070556640625,112.01399230957031,22.89591407775879,48.33195877075195,61.749534606933594,159.67153930664062,1271.639892578125,702.4407348632812,387.6194152832031,644.6671752929688,181.52279663085938,106.04662322998047,86.6489486694336,151.5755615234375,35.519657135009766,88.9216537475586
2021-08-19,135.39285278320312,108.48458862304688,22.431806564331055,47.03622055053711,61.604740142822266,157.4093475341797,1212.0318603515625,635.914306640625,383.2818298339844,603.5203247070312,174.64321899414062,103.79792785644531,87.15153503417969,150.18780517578125,34.18266677856445,87.8359375
2021-08-20,135.30357360839844,108.91837310791016,22.49275016784668,47.20838165283203,61.39237594604492,157.9404754638672,1224.94677734375,638.360107421875,386.9293518066406,610.3125,172.7267608642578,104.09642791748047,87.69279479980469,149.05418395996094,34.333316802978516,87.50634765625
2021-08-23,135.0,110.1408462524414,22.638078689575195,47.7611083984375,61.29584884643555,160.08462524414062,1261.705322265625,657.2418212890625,389.492431640625,626.6531372070312,175.1837615966797,103.57902526855469,86.57162475585938,149.09326171875,34.9123649597168,87.96195983886719
2021-08-24,134.19642639160156,111.85624694824219,22.661518096923828,48.087310791015625,60.90972900390625,158.86502075195312,1241.8358154296875,654.7960205078125,387.6194152832031,614.5452880859375,174.25010681152344,104.81282043457031,85.6147689819336,149.11280822753906,34.98768615722656,88.00074005126953
2021-08-25,133.9107208251953,114.28147888183594,22.62870216369629,49.06591033935547,60.18576431274414,159.19943237304688,1243.3260498046875,660.37255859375,387.4715270996094,612.379638671875,174.29925537109375,106.50431823730469,85.09284210205078,148.23326110839844,35.15245819091797,88.4757308959961
2021-08-26,134.39285278320312,113.37448120117188,22.539630889892578,48.63097381591797,59.983055114746094,158.4322509765625,1229.9141845703125,657.8289184570312,388.50665283203125,611.887451171875,173.8569793701172,106.48441314697266,85.4891128540039,148.48736572265625,35.1289176940918,88.17523193359375
2021-08-27,134.57144165039062,113.39419555664062,22.56307029724121,48.44069290161133,60.00236129760742,159.37646484375,1232.89453125,654.1112060546875,388.01373291015625,613.3640747070312,174.64321899414062,106.58391571044922,85.22815704345703,148.74143981933594,35.54319763183594,88.10736846923828
2021-08-30,135.83929443359375,113.23645782470703,22.459936141967773,48.02388000488281,59.8189582824707,159.78958129882812,1238.3587646484375,657.0462036132812,391.5626525878906,615.234375,174.59408569335938,105.78791809082031,85.11216735839844,149.26918029785156,35.500831604003906,87.69053649902344
2021-08-31,135.55357360839844,114.06458282470703,22.29585838317871,48.685340881347656,59.72242736816406,163.527099609375,1236.371826171875,659.3942260742188,390.6753845214844,617.0062255859375,174.888916015625,105.72821807861328,84.68690490722656,147.86190795898438,35.16187286376953,88.10736846923828
2021-09-01,136.39285278320312,116.33207702636719,22.370864868164062,49.65488052368164,59.66450881958008,164.74671936035156,1261.705322265625,673.2864990234375,393.8299865722656,636.6937255859375,181.37539672851562,107.69831085205078,85.17982482910156,149.5819091796875,34.931190490722656,90.87981414794922
2021-09-02,135.5,115.12931823730469,22.28179359436035,49.65488052368164,58.988807678222656,166.1237030029297,1263.1954345703125,680.526123046875,394.47076416015625,636.890625,182.84959411621094,106.46451568603516,85.24748229980469,150.89144897460938,35.38313674926758,90.13339233398438
2021-09-03,134.94642639160156,112.86183166503906,22.11771583557129,48.812198638916016,59.37491989135742,163.7238311767578,1246.80322265625,668.49267578125,389.2460021972656,624.9796752929688,180.54000854492188,103.91732788085938,84.9092025756836,150.38327026367188,35.0865478515625,88.34971618652344
2021-09-06,135.55357360839844,114.2420425415039,22.28179359436035,49.038726806640625,59.616241455078125,166.3204345703125,1269.15625,679.2542724609375,390.7247009277344,638.5640258789062,182.65304565429688,103.69843292236328,84.86087799072266,151.1064453125,35.463165283203125,88.19461822509766
2021-09-07,134.375,112.48719787597656,22.169282913208008,49.229007720947266,58.12969970703125,166.35977172851562,1286.0452880859375,685.4177856445312,387.4715270996094,642.796875,182.30905151367188,102.3452377319336,84.0393295288086,150.89144897460938,35.41608810424805,88.02012634277344
2021-09-08,134.0892791748047,112.1125717163086,21.911447525024414,48.47693634033203,57.531219482421875,166.91055297851562,1276.607177734375,684.439453125,388.45733642578125,638.5640258789062,182.8004608154297,101.13134002685547,81.9516372680664,147.2559814453125,35.08184051513672,89.04767608642578
2021-09-09,134.125,113.5716552734375,21.8926944732666,48.69440460205078,58.02351760864258,167.5793914794922,1281.077880859375,680.9174194335938,392.0555419921875,648.1124877929688,184.4220733642578,104.29542541503906,80.52117919921875,148.2528076171875,34.78525161743164,87.24461364746094
2021-09-10,133.5357208251953,112.7435302734375,21.775495529174805,47.860782623291016,57.45399856567383,167.55970764160156,1293.4962158203125,681.308837890625,392.6963195800781,653.1328125,185.5522918701172,104.176025390625,79.12938690185547,149.5232696533203,34.48866653442383,85.23799133300781
2021-09-13,133.60714721679688,113.45335388183594,22.01457977294922,48.948116302490234,57.753238677978516,166.6548309326172,1270.6463623046875,662.3291625976562,391.8583679199219,646.734375,186.38766479492188,106.76301574707031,78.75244140625,149.9728240966797,35.54319763183594,86.24614715576172
2021-09-14,133.08929443359375,111.16614532470703,21.80362319946289,48.377262115478516,58.01386260986328,167.38265991210938,1261.20849609375,644.034423828125,392.9427795410156,636.6937255859375,186.33853149414062,103.1412353515625,79.0810546875,151.1455535888672,35.63264083862305,86.10073852539062
2021-09-15,131.76785278320312,110.77179718017578,21.808311462402344,48.594730377197266,57.35746765136719,166.3204345703125,1239.3521728515625,617.7173461914062,387.4222412109375,611.4937744140625,179.2623748779297,101.84774017333984,78.62679290771484,149.91416931152344,36.42824172973633,84.45278930664062
2021-09-16,131.9642791748047,113.25617218017578,21.873943328857422,49.07497024536133,57.492610931396484,168.36622619628906,1251.7705078125,609.01025390625,377.8598937988281,618.1875,179.95034790039062,104.09642791748047,78.93607330322266,153.66693115234375,36.45649337768555,85.43186950683594
2021-09-17,128.39285278320312,111.44218444824219,21.653608322143555,48.51318359375,57.26094055175781,167.50070190429688,1269.15625,623.3916625976562,377.16986083984375,621.140625,181.86679077148438,104.75312042236328,78.82009887695312,149.50372314453125,36.145782470703125,83.52218627929688
2021-09-20,126.375,110.35773468017578,20.973857879638672,46.34757995605469,56.865169525146484,166.02536010742188,1249.7835693359375,615.0758666992188,366.96673583984375,609.0327758789062,182.8004608154297,107.1212158203125,79.26470184326172,143.83551025390625,35.63264083862305,84.14258575439453
2021-09-21,129.05357360839844,111.67879486083984,21.212942123413086,46.53785705566406,57.46364974975586,169.0547332763672,1273.6268310546875,613.3148803710938,378.0078125,626.0624389648438,187.5670166015625,108.55400848388672,79.47733306884766,144.93006896972656,36.50465393066406,85.46095275878906
2021-09-22,129.14285278320312,114.20260620117188,21.60672950744629,48.168861389160156,57.791847229003906,169.17276000976562,1276.607177734375,628.8703002929688,378.99359130859375,633.2484130859375,188.5989532470703,109.80770111083984,79.96060180664062,148.54598999023438,37.43894958496094,86.42063903808594
2021-09-23,129.5892791748047,115.0307388305664,21.920822143554688,49.256195068359375,57.627750396728516,170.86448669433594,1308.89501953125,639.1427612304688,381.75384521484375,643.879638671875,188.20584106445312,111.1409912109375,80.08624267578125,148.54598999023438,37.97557067871094,86.61451721191406
2021-09-24,128.75,113.76882934570312,22.03801918029785,49.65488052368164,57.347816467285156,166.6745147705078,1279.587646484375,620.0653076171875,372.98016357421875,632.854736328125,188.1075439453125,110.82259368896484,79.27436065673828,146.45462036132812,38.03785705566406,86.52727508544922
2021-09-27,127.49999237060547,115.58281707763672,22.389616012573242,51.19527053833008,57.222328186035156,165.4745635986328,1234.3848876953125,608.8145751953125,366.7203063964844,627.5390625,188.9429473876953,114.44437408447266,79.37101745605469,144.51962280273438,39.34587097167969,89.75531768798828
2021-09-28,125.17857360839844,111.75765991210938,22.12240219116211,51.0927848815918,56.62384796142578,161.3239288330078,1187.195068359375,599.422607421875,357.55230712890625,608.245361328125,186.09283447265625,109.09130096435547,78.97473907470703,140.727783203125,39.85853958129883,87.1476821899414
2021-09-29,124.71428680419922,115.64197540283203,22.445873260498047,51.48408508300781,57.29955291748047,164.66802978515625,1201.1036376953125,603.238037109375,358.1437683105469,615.7265625,187.66529846191406,111.9568862915039,80.90779113769531,141.5682373046875,39.32191467285156,87.84563446044922
2021-09-30,123.73214721679688,113.47306823730469,22.58182144165039,51.65178680419922,57.00031280517578,162.77960205078125,1188.685302734375,602.6510620117188,351.7853088378906,610.4109497070312,187.41958618164062,109.1112060546875,80.29888153076172,140.6300506591797,39.60939025878906,87.39002990722656
2021-10-01,125.01786041259766,114.9321517944336,22.38492774963379,51.13936996459961,56.09294128417969,164.31394958496094,1187.6917724609375,613.7062377929688,356.4186096191406,620.15625,186.78079223632812,110.60369873046875,79.84461212158203,139.2814178466797,39.55189514160156,88.06858825683594
2021-10-04,124.26786041259766,112.05342864990234,22.33336067199707,50.65489959716797,56.07363510131836,163.389404296875,1182.227783203125,605.9774169921875,356.36932373046875,611.395263671875,186.6824951171875,108.65350341796875,80.26988220214844,137.4441375732422,40.33287048339844,88.2624740600586
2021-10-05,124.625,113.45335388183594,22.764652252197266,52.99339294433594,55.755088806152344,165.2188262939453,1190.6722412109375,607.3470458984375,358.63665771484375,622.6171875,189.0412139892578,110.44449615478516,80.6661605834961,139.8873291015625,41.5402717590332,88.40787506103516
2021-10-06,123.25,111.81681060791016,22.267730712890625,52.359859466552734,55.542724609375,162.3665008544922,1180.737548828125,603.238037109375,353.0668640136719,615.0374755859375,191.84219360351562,109.64849853515625,80.17322540283203,137.3268585205078,40.97011184692383,86.56604766845703
2021-10-07,125.23213958740234,112.58578491210938,22.699020385742188,53.18904495239258,55.9095344543457,164.29428100585938,1223.9534912109375,622.8046264648438,356.7636413574219,627.9328002929688,194.10263061523438,112.9319839477539,81.16875457763672,139.96551513671875,40.91261672973633,88.24308013916016
2021-10-08,124.375,111.61964416503906,22.680269241333008,53.105194091796875,54.915287017822266,160.9698486328125,1204.5806884765625,613.4127197265625,352.5246887207031,617.8922119140625,194.05348205566406,114.54388427734375,81.47804260253906,137.5614013671875,41.5402717590332,87.6032943725586
2021-10-11,123.53571319580078,112.2111587524414,22.713085174560547,53.41264724731445,54.66431427001953,157.33067321777344,1217.99267578125,620.6524047851562,350.700927734375,621.8297119140625,194.3974609375,115.16077423095703,81.8646469116211,135.56776428222656,42.37395095825195,87.9522705078125
2021-10-12,123.51785278320312,111.63935852050781,22.534942626953125,53.28221130371094,54.54847717285156,156.7798614501953,1226.4371337890625,621.0436401367188,350.35589599609375,623.995361328125,194.34832763671875,112.135986328125,80.71448516845703,136.056396484375,41.87565994262695,86.80839538574219
2021-10-13,125.41071319580078,110.7520751953125,22.03801918029785,52.50892639160156,55.24348449707031,158.27488708496094,1259.7183837890625,630.3377685546875,357.25653076171875,643.682861328125,195.38027954101562,112.17578887939453,80.73381042480469,137.385498046875,41.46840286254883,86.43033599853516
2021-10-14,127.1964340209961,111.75765991210938,22.22085189819336,52.760475158691406,56.10259246826172,158.19619750976562,1277.10400390625,647.7520751953125,364.69940185546875,656.7750244140625,195.1345672607422,113.34988403320312,81.31372833251953,140.8841552734375,41.97148513793945,86.72115325927734
2021-10-15,127.94642639160156,113.27589416503906,22.431806564331055,53.80394744873047,55.542724609375,162.1304473876953,1281.077880859375,654.306884765625,364.3050537109375,654.4124755859375,194.20091247558594,115.39958190917969,81.03343200683594,141.0014190673828,42.599143981933594,87.8165512084961
2021-10-18,127.64286041259766,111.69851684570312,22.413057327270508,54.046180725097656,55.34001541137695,164.25494384765625,1263.1954345703125,638.653564453125,360.70684814453125,639.84375,193.61123657226562,112.8921890258789,79.8929443359375,139.3009490966797,42.786006927490234,87.16706848144531
2021-10-19,127.73214721679688,110.73236083984375,22.44118309020996,54.130027770996094,53.679718017578125,165.1991729736328,1273.130126953125,636.3056030273438,357.4043884277344,635.9061889648438,192.1370391845703,110.44449615478516,79.86393737792969,139.65277099609375,42.95848846435547,87.91349792480469
2021-10-20,128.42857360839844,110.57463073730469,22.497440338134766,54.20456314086914,54.625701904296875,165.9860076904297,1300.947265625,632.5879516601562,359.12957763671875,645.8484497070312,195.38027954101562,108.47440338134766,81.60369110107422,139.53550720214844,42.992027282714844,88.66961669921875
2021-10-21,128.17857360839844,109.80564880371094,22.253665924072266,53.65488052368164,54.26854705810547,166.91055297851562,1319.326416015625,629.6530151367188,364.05859375,649.3922119140625,194.3974609375,110.04650115966797,81.13975524902344,137.3268585205078,42.37395095825195,88.4660415649414
2021-10-22,127.75,108.22826385498047,22.450559616088867,53.76667785644531,54.18166732788086,168.62196350097656,1349.1304931640625,632.0987548828125,382.54248046875,656.8734130859375,196.01907348632812,109.9668960571289,82.26092529296875,138.57777404785156,41.97627639770508,87.99104309082031
2021-10-25,127.60714721679688,106.55229949951172,22.43649673461914,54.232513427734375,54.24924087524414,168.13018798828125,1335.221923828125,626.1309814453125,378.4021301269531,649.4906005859375,196.26478576660156,107.22071075439453,82.66686248779297,137.40504455566406,42.09126663208008,87.1961441040039
2021-10-26,128.05357360839844,108.3860092163086,22.924043655395508,54.20456314086914,54.26854705810547,169.80223083496094,1340.6859130859375,634.7402954101562,384.908447265625,654.609375,197.14930725097656,111.8971939086914,82.78285217285156,139.59413146972656,41.91878128051758,88.84410095214844
2021-10-27,129.0357208251953,108.44515991210938,22.886537551879883,53.869163513183594,53.92103958129883,167.12693786621094,1326.2806396484375,633.9576416015625,382.8382568359375,653.9202880859375,196.0682373046875,111.43949127197266,82.8988265991211,142.9559783935547,41.81337356567383,88.88288116455078
2021-10-28,128.21429443359375,110.41688537597656,22.89122772216797,53.53376007080078,54.094791412353516,170.01861572265625,1354.5946044921875,636.7947998046875,387.8658752441406,661.2046508789062,197.6407012939453,113.50908660888672,83.11146545410156,145.5164337158203,41.48756790161133,88.86348724365234
2021-10-29,128.7857208251953,109.03667449951172,23.58972930908203,53.94369888305664,54.3940315246582,175.95933532714844,1361.548828125,634.1533203125,389.3445739746094,666.6187744140625,195.281982421875,115.45927429199219,83.53673553466797,145.5164337158203,41.5594367980957,89.54206848144531
2021-11-01,129.5357208251953,108.1099624633789,23.72568130493164,55.592750549316406,54.97320556640625,180.75912475585938,1375.9541015625,637.67529296875,392.5484619140625,672.721923828125,196.21563720703125,114.44437408447266,85.3441390991211,145.6532440185547,41.7127571105957,91.034912109375
2021-11-02,130.10714721679688,108.74092102050781,23.988204956054688,55.3691520690918,55.24348449707031,181.70335388183594,1389.365966796875,628.6746215820312,394.3229064941406,674.0999755859375,198.5252227783203,114.60357666015625,86.61028289794922,146.78689575195312,41.85170364379883,91.02521514892578
2021-11-03,131.9107208251953,106.47342681884766,24.04446029663086,55.78840637207031,55.3014030456543,185.4015350341797,1409.7320556640625,632.979248046875,399.79412841796875,671.8359375,200.0977020263672,113.40958404541016,87.21919250488281,149.05418395996094,41.1186408996582,90.15277099609375
2021-11-04,133.42855834960938,107.45928955078125,23.95538902282715,55.043067932128906,55.27244186401367,186.0703582763672,1431.58837890625,634.9359741210938,402.99798583984375,681.6796875,200.19598388671875,114.02648162841797,86.68760681152344,150.38327026367188,41.4444465637207,90.41450500488281
2021-11-05,133.875,112.29003143310547,23.908510208129883,55.44368362426758,55.359317779541016,184.77206420898438,1449.4708251953125,645.5997314453125,406.94122314453125,697.823486328125,201.27706909179688,119.75765228271484,85.498779296875,149.71871948242188,41.5977668762207,92.63439178466797
2021-11-08,134.3392791748047,114.00543212890625,23.99289321899414,55.331886291503906,54.68362045288086,184.73272705078125,1456.9217529296875,649.8065795898438,406.3990478515625,696.3468627929688,200.88392639160156,119.51885986328125,85.25714874267578,151.04782104492188,41.68400955200195,91.94612884521484
2021-11-09,134.73214721679688,114.67581939697266,23.772560119628906,54.847415924072266,55.27244186401367,181.60498046875,1431.0916748046875,667.123046875,408.6663818359375,696.2484130859375,201.76844787597656,120.016357421875,85.64376068115234,150.77418518066406,41.717552185058594,91.54869079589844
2021-11-10,135.76785278320312,114.5575180053711,24.067899703979492,55.154869079589844,55.92884063720703,179.38214111328125,1420.6602783203125,650.3935546875,408.46923828125,687.684326171875,201.47361755371094,122.38444519042969,86.8132553100586,150.4810028076172,42.08168411254883,92.28541564941406
2021-11-11,136.01785278320312,113.07872009277344,24.147594451904297,55.41573715209961,55.81300735473633,178.53627014160156,1431.58837890625,644.327880859375,408.56781005859375,694.3781127929688,203.53749084472656,120.97154998779297,86.88091278076172,151.3019256591797,42.033775329589844,91.02521514892578
2021-11-12,136.4107208251953,110.5549087524414,24.171035766601562,55.22008514404297,55.61029815673828,180.09030151367188,1468.8433837890625,663.11181640625,414.9755554199219,711.604736328125,205.8961944580078,120.51385498046875,86.23334503173828,152.47463989257812,41.37257385253906,90.87981414794922
2021-11-15,135.69642639160156,112.42805480957031,24.246042251586914,57.036842346191406,55.63925552368164,181.44761657714844,1490.2030029296875,666.731689453125,418.03155517578125,709.5374755859375,207.6652374267578,120.05615997314453,87.05488586425781,152.6896514892578,41.81816482543945,91.73287200927734
2021-11-16,134.875,113.37448120117188,23.9600772857666,56.11448669433594,54.635353088378906,184.9490966796875,1525.9678955078125,695.7880859375,421.1368713378906,718.2984619140625,207.46868896484375,118.88206481933594,87.15153503417969,152.33782958984375,42.02898025512695,91.52788543701172
2021-11-17,135.42857360839844,112.82240295410156,23.969453811645508,56.06790542602539,54.780147552490234,185.06712341308594,1529.9417724609375,705.4735107421875,423.699951171875,714.7546997070312,207.3704071044922,115.61846923828125,87.56714630126953,155.01556396484375,41.72233963012695,90.65916442871094
2021-11-18,135.71429443359375,111.6590805053711,23.842878341674805,55.4530029296875,54.66431427001953,189.9849395751953,1582.098876953125,703.1255493164062,416.89788818359375,717.1171264648438,208.5497589111328,115.2403793334961,85.31513977050781,156.0319366455078,41.2719612121582,89.11695098876953
2021-11-19,137.05357360839844,107.8536376953125,23.594419479370117,53.775997161865234,54.239585876464844,190.18165588378906,1664.5567626953125,701.3645629882812,419.4609680175781,722.0390625,208.5497589111328,112.39469146728516,85.92405700683594,157.75193786621094,40.14601516723633,86.53031158447266
2021-11-22,136.98214721679688,107.24240112304688,23.8100643157959,54.63313293457031,54.37472915649414,189.6898651123047,1632.7657470703125,692.3639526367188,411.9195556640625,716.9202880859375,209.13453674316406,111.04149627685547,86.36865234375,158.41648864746094,40.62514114379883,87.38926696777344
2021-11-23,135.21429443359375,108.70148468017578,23.903823852539062,54.866050720214844,54.809104919433594,184.0638885498047,1607.4322509765625,689.03759765625,405.8568420410156,706.879638671875,206.4584197998047,111.65839385986328,85.42145538330078,156.26646423339844,41.09468460083008,88.4141616821289
2021-11-24,135.42857360839844,109.884521484375,23.946014404296875,54.53996658325195,54.220279693603516,185.04745483398438,1618.3604736328125,695.0054321289062,406.69476318359375,714.7546997070312,206.0619354248047,111.9170913696289,84.38727569580078,152.61146545410156,41.315086364746094,89.40977478027344
2021-11-25,135.1428680419922,110.67321014404297,23.880382537841797,54.716983795166016,54.1430549621582,185.342529296875,1645.680908203125,703.0277099609375,409.6029052734375,723.2202758789062,211.11685180664062,112.09619140625,83.74937438964844,153.1587371826172,41.28633499145508,89.5757064819336
2021-11-26,132.625,97.95555114746094,22.713085174560547,51.51203918457031,52.444149017333984,175.93966674804688,1593.5238037109375,651.0784301757812,396.5902404785156,681.1875,205.07078552246094,100.59403991699219,82.16427612304688,148.1355438232422,38.83799362182617,82.01101684570312
2021-11-29,131.57142639160156,98.28089141845703,22.722461700439453,51.595890045166016,52.444149017333984,177.41500854492188,1629.2886962890625,668.9818115234375,396.09735107421875,686.3062744140625,204.77345275878906,101.09153747558594,82.74418640136719,147.8032684326172,39.48002624511719,82.14767456054688
2021-11-30,130.19642639160156,97.32460021972656,22.830284118652344,51.31639099121094,50.18537521362305,174.11024475097656,1642.20361328125,666.6338500976562,391.8583679199219,678.7926635742188,200.70968627929688,98.28565216064453,81.05276489257812,152.67010498046875,38.9146614074707,81.65962982177734
2021-12-01,132.0,100.47936248779297,23.660049438476562,52.723209381103516,50.532875061035156,178.654296875,1657.6025390625,689.8202514648438,400.3855895996094,689.5687255859375,202.09730529785156,102.60393524169922,82.96648406982422,159.0614776611328,40.184349060058594,84.25601959228516
2021-12-02,130.2678680419922,99.67095947265625,23.538162231445312,52.592777252197266,51.45955276489258,174.62168884277344,1606.4388427734375,678.4716186523438,392.4991455078125,678.7926635742188,201.50262451171875,101.62883758544922,81.3717269897461,157.47830200195312,40.27058792114258,84.66597747802734
2021-12-03,130.41070556640625,97.1570053100586,23.44440269470215,52.331905364990234,51.05413055419922,174.09056091308594,1596.0074462890625,669.177490234375,395.2101135253906,677.2108764648438,202.89024353027344,98.166259765625,80.96577453613281,156.24693298339844,40.56764602661133,83.2799301147461
2021-12-06,132.82142639160156,101.38636016845703,23.875694274902344,53.42196273803711,51.247188568115234,176.1560516357422,1548.8177490234375,680.232666015625,402.80084228515625,682.2528076171875,207.54867553710938,103.26062774658203,81.5263671875,157.96693420410156,41.62651443481445,85.02713775634766
2021-12-07,138.67857360839844,104.38339233398438,24.021020889282227,54.27909851074219,51.02517318725586,183.10000610351562,1608.922607421875,719.2680053710938,418.7709045410156,716.7560424804688,211.01773071289062,105.52922058105469,82.50255584716797,163.459228515625,42.43144989013672,86.08131408691406
2021-12-08,138.69642639160156,105.74388885498047,23.950700759887695,54.157981872558594,51.18927001953125,181.1132049560547,1566.7000732421875,701.9515380859375,412.3138732910156,706.5731201171875,205.7646026611328,106.9819107055664,81.76799774169922,162.5210418701172,42.3835334777832,85.0466537475586
2021-12-09,138.2857208251953,104.0087661743164,23.93663787841797,53.49649429321289,51.16031265258789,182.7262420654297,1582.098876953125,693.3422241210938,413.1518249511719,706.8697509765625,208.34161376953125,105.42971801757812,81.27506256103516,164.0065155029297,42.12001419067383,84.22673797607422
2021-12-10,137.96429443359375,104.08763122558594,23.786624908447266,52.83501052856445,51.17961883544922,182.09677124023438,1582.098876953125,685.3199462890625,415.0741271972656,701.9265747070312,208.5398406982422,103.30043029785156,83.63338470458984,163.126953125,42.2493782043457,83.39706420898438
2021-12-13,138.375,101.62297058105469,23.739744186401367,52.17352294921875,50.88037872314453,179.991943359375,1572.1641845703125,679.05859375,412.0674133300781,700.9379272460938,208.1433868408203,100.1761474609375,83.54640197753906,163.2246856689453,41.640892028808594,82.70404815673828
2021-12-14,136.5357208251953,101.0511703491211,23.847566604614258,52.25737380981445,51.31475830078125,177.15927124023438,1549.8111572265625,675.0474243164062,409.30718994140625,693.6220703125,206.3592987060547,100.0567398071289,82.61853790283203,159.0614776611328,41.9044075012207,82.73332977294922
2021-12-15,137.42857360839844,98.57664489746094,23.847566604614258,52.071041107177734,51.256839752197266,179.26409912109375,1589.0531005859375,679.3521728515625,411.3773498535156,703.8049926757812,206.85487365722656,98.0070571899414,83.80736541748047,161.25057983398438,41.47798538208008,82.5771484375
2021-12-16,138.14285278320312,100.95258331298828,24.147594451904297,53.06792449951172,52.25109100341797,181.29025268554688,1611.9029541015625,680.8196411132812,412.51104736328125,705.1890258789062,208.1433868408203,99.49954986572266,84.21330261230469,164.0065155029297,42.80995178222656,84.33411407470703
2021-12-17,136.42857360839844,102.66798400878906,23.79599952697754,52.331905364990234,52.72407913208008,177.3953399658203,1515.039794921875,674.851806640625,407.18768310546875,691.0516357421875,207.64779663085938,100.73333740234375,83.98133850097656,161.91513061523438,41.83732986450195,84.5488510131836
2021-12-20,133.625,100.61738586425781,23.32720375061035,52.564823150634766,51.29545211791992,177.178955078125,1533.4189453125,667.123046875,405.1667785644531,689.8652954101562,207.84603881835938,98.94235229492188,83.99100494384766,160.91831970214844,41.554649353027344,83.69965362548828
2021-12-21,133.7857208251953,105.29039001464844,23.824127197265625,54.83810043334961,51.43059158325195,178.81167602539062,1526.464599609375,668.5905151367188,409.01141357421875,693.5232543945312,207.84603881835938,101.03184509277344,84.7448959350586,162.5601348876953,42.54643630981445,85.61278533935547
2021-12-22,134.23214721679688,109.50989532470703,23.941326141357422,55.29461669921875,51.623653411865234,182.47052001953125,1540.3731689453125,672.9930419921875,413.05322265625,707.2651977539062,209.531005859375,104.03672790527344,84.91886901855469,164.123779296875,42.8434944152832,87.20381164550781
2021-12-23,135.26785278320312,110.25914764404297,24.269481658935547,55.900203704833984,51.92289352416992,183.1590118408203,1522.9874267578125,673.7756958007812,416.65142822265625,713.7901000976562,210.22482299804688,106.50431823730469,85.20883178710938,166.8992462158203,43.23637771606445,88.1603775024414
2021-12-24,134.35714721679688,110.10140991210938,24.278858184814453,55.66728591918945,51.70087814331055,181.86070251464844,1520.5037841796875,672.1124877929688,416.3556823730469,709.242431640625,209.23365783691406,106.166015625,84.91886901855469,166.6256103515625,42.90578079223633,87.65281677246094
2021-12-27,136.07142639160156,110.7520751953125,24.489816665649414,56.25423812866211,52.65650939941406,182.96231079101562,1527.954833984375,683.8524780273438,412.2153015136719,718.0411987304688,208.7380828857422,106.1461181640625,85.6051025390625,168.59970092773438,43.078269958496094,89.09742736816406
2021-12-28,137.03570556640625,111.81681060791016,24.667957305908203,56.6641731262207,52.83991622924805,184.67369079589844,1534.9090576171875,685.4177856445312,415.1234436035156,722.4900512695312,209.13453674316406,106.3451156616211,85.90471649169922,169.24468994140625,43.36574172973633,89.21456146240234
2021-12-29,136.375,110.53519439697266,24.61638832092285,56.56168746948242,52.84956741333008,184.12290954589844,1535.902587890625,688.2549438476562,412.9053649902344,719.623046875,209.92747497558594,105.42971801757812,85.82740020751953,169.10787963867188,42.886619567871094,89.50737762451172
2021-12-30,137.21429443359375,111.08727264404297,24.64451789855957,56.52442169189453,53.013668060302734,184.55567932128906,1527.4581298828125,692.4617309570312,413.84185791015625,721.6991577148438,210.12570190429688,106.54412078857422,86.14635467529297,168.9124298095703,43.02556610107422,89.78069305419922
2021-12-31,136.8928680419922,110.77179718017578,24.550758361816406,56.617591857910156,52.69512176513672,184.16224670410156,1525.9678955078125,691.581298828125,411.0323486328125,718.7332763671875,209.630126953125,107.1212158203125,85.6147689819336,168.54107666015625,42.7668342590332,90.6884536743164
